{"PassengerId": 1, "Survived":  0}
{"PassengerId": 2, "Survived":  1}
{"PassengerId": 3, "Survived":  1}
{"PassengerId": 4, "Survived":  1}
{"PassengerId": 5, "Survived":  0}
{"PassengerId": 6, "Survived":  0}
{"PassengerId": 7, "Survived":  0}
{"PassengerId": 8, "Survived":  0}
{"PassengerId": 9, "Survived":  1}
{"PassengerId": 10, "Survived":  1}
{"PassengerId": 11, "Survived":  1}
{"PassengerId": 12, "Survived":  1}
{"PassengerId": 13, "Survived":  0}
{"PassengerId": 14, "Survived":  0}
{"PassengerId": 15, "Survived":  0}
{"PassengerId": 16, "Survived":  1}
{"PassengerId": 17, "Survived":  0}
{"PassengerId": 18, "Survived":  1}
{"PassengerId": 19, "Survived":  0}
{"PassengerId": 20, "Survived":  1}
{"PassengerId": 21, "Survived":  0}
{"PassengerId": 22, "Survived":  1}
{"PassengerId": 23, "Survived":  1}
{"PassengerId": 24, "Survived":  1}
{"PassengerId": 25, "Survived":  0}
{"PassengerId": 26, "Survived":  1}
{"PassengerId": 27, "Survived":  0}
{"PassengerId": 28, "Survived":  0}
{"PassengerId": 29, "Survived":  1}
{"PassengerId": 30, "Survived":  0}
{"PassengerId": 31, "Survived":  0}
{"PassengerId": 32, "Survived":  1}
{"PassengerId": 33, "Survived":  1}
{"PassengerId": 34, "Survived":  0}
{"PassengerId": 35, "Survived":  0}
{"PassengerId": 36, "Survived":  0}
{"PassengerId": 37, "Survived":  1}
{"PassengerId": 38, "Survived":  0}
{"PassengerId": 39, "Survived":  0}
{"PassengerId": 40, "Survived":  1}
{"PassengerId": 41, "Survived":  0}
{"PassengerId": 42, "Survived":  0}
{"PassengerId": 43, "Survived":  0}
{"PassengerId": 44, "Survived":  1}
{"PassengerId": 45, "Survived":  1}
{"PassengerId": 46, "Survived":  0}
{"PassengerId": 47, "Survived":  0}
{"PassengerId": 48, "Survived":  1}
{"PassengerId": 49, "Survived":  0}
{"PassengerId": 50, "Survived":  0}
{"PassengerId": 51, "Survived":  0}
{"PassengerId": 52, "Survived":  0}
{"PassengerId": 53, "Survived":  1}
{"PassengerId": 54, "Survived":  1}
{"PassengerId": 55, "Survived":  0}
{"PassengerId": 56, "Survived":  1}
{"PassengerId": 57, "Survived":  1}
{"PassengerId": 58, "Survived":  0}
{"PassengerId": 59, "Survived":  1}
{"PassengerId": 60, "Survived":  0}
{"PassengerId": 61, "Survived":  0}
{"PassengerId": 62, "Survived":  1}
{"PassengerId": 63, "Survived":  0}
{"PassengerId": 64, "Survived":  0}
{"PassengerId": 65, "Survived":  0}
{"PassengerId": 66, "Survived":  1}
{"PassengerId": 67, "Survived":  1}
{"PassengerId": 68, "Survived":  0}
{"PassengerId": 69, "Survived":  1}
{"PassengerId": 70, "Survived":  0}
{"PassengerId": 71, "Survived":  0}
{"PassengerId": 72, "Survived":  0}
{"PassengerId": 73, "Survived":  0}
{"PassengerId": 74, "Survived":  0}
{"PassengerId": 75, "Survived":  1}
{"PassengerId": 76, "Survived":  0}
{"PassengerId": 77, "Survived":  0}
{"PassengerId": 78, "Survived":  0}
{"PassengerId": 79, "Survived":  1}
{"PassengerId": 80, "Survived":  1}
{"PassengerId": 81, "Survived":  0}
{"PassengerId": 82, "Survived":  1}
{"PassengerId": 83, "Survived":  1}
{"PassengerId": 84, "Survived":  0}
{"PassengerId": 85, "Survived":  1}
{"PassengerId": 86, "Survived":  1}
{"PassengerId": 87, "Survived":  0}
{"PassengerId": 88, "Survived":  0}
{"PassengerId": 89, "Survived":  1}
{"PassengerId": 90, "Survived":  0}
{"PassengerId": 91, "Survived":  0}
{"PassengerId": 92, "Survived":  0}
{"PassengerId": 93, "Survived":  0}
{"PassengerId": 94, "Survived":  0}
{"PassengerId": 95, "Survived":  0}
{"PassengerId": 96, "Survived":  0}
{"PassengerId": 97, "Survived":  0}
{"PassengerId": 98, "Survived":  1}
{"PassengerId": 99, "Survived":  1}
{"PassengerId": 100, "Survived":  0}
{"PassengerId": 101, "Survived":  0}
{"PassengerId": 102, "Survived":  0}
{"PassengerId": 103, "Survived":  0}
{"PassengerId": 104, "Survived":  0}
{"PassengerId": 105, "Survived":  0}
{"PassengerId": 106, "Survived":  0}
{"PassengerId": 107, "Survived":  1}
{"PassengerId": 108, "Survived":  1}
{"PassengerId": 109, "Survived":  0}
{"PassengerId": 110, "Survived":  1}
{"PassengerId": 111, "Survived":  0}
{"PassengerId": 112, "Survived":  0}
{"PassengerId": 113, "Survived":  0}
{"PassengerId": 114, "Survived":  0}
{"PassengerId": 115, "Survived":  0}
{"PassengerId": 116, "Survived":  0}
{"PassengerId": 117, "Survived":  0}
{"PassengerId": 118, "Survived":  0}
{"PassengerId": 119, "Survived":  0}
{"PassengerId": 120, "Survived":  0}
{"PassengerId": 121, "Survived":  0}
{"PassengerId": 122, "Survived":  0}
{"PassengerId": 123, "Survived":  0}
{"PassengerId": 124, "Survived":  1}
{"PassengerId": 125, "Survived":  0}
{"PassengerId": 126, "Survived":  1}
{"PassengerId": 127, "Survived":  0}
{"PassengerId": 128, "Survived":  1}
{"PassengerId": 129, "Survived":  1}
{"PassengerId": 130, "Survived":  0}
{"PassengerId": 131, "Survived":  0}
{"PassengerId": 132, "Survived":  0}
{"PassengerId": 133, "Survived":  0}
{"PassengerId": 134, "Survived":  1}
{"PassengerId": 135, "Survived":  0}
{"PassengerId": 136, "Survived":  0}
{"PassengerId": 137, "Survived":  1}
{"PassengerId": 138, "Survived":  0}
{"PassengerId": 139, "Survived":  0}
{"PassengerId": 140, "Survived":  0}
{"PassengerId": 141, "Survived":  0}
{"PassengerId": 142, "Survived":  1}
{"PassengerId": 143, "Survived":  1}
{"PassengerId": 144, "Survived":  0}
{"PassengerId": 145, "Survived":  0}
{"PassengerId": 146, "Survived":  0}
{"PassengerId": 147, "Survived":  1}
{"PassengerId": 148, "Survived":  0}
{"PassengerId": 149, "Survived":  0}
{"PassengerId": 150, "Survived":  0}
{"PassengerId": 151, "Survived":  0}
{"PassengerId": 152, "Survived":  1}
{"PassengerId": 153, "Survived":  0}
{"PassengerId": 154, "Survived":  0}
{"PassengerId": 155, "Survived":  0}
{"PassengerId": 156, "Survived":  0}
{"PassengerId": 157, "Survived":  1}
{"PassengerId": 158, "Survived":  0}
{"PassengerId": 159, "Survived":  0}
{"PassengerId": 160, "Survived":  0}
{"PassengerId": 161, "Survived":  0}
{"PassengerId": 162, "Survived":  1}
{"PassengerId": 163, "Survived":  0}
{"PassengerId": 164, "Survived":  0}
{"PassengerId": 165, "Survived":  0}
{"PassengerId": 166, "Survived":  1}
{"PassengerId": 167, "Survived":  1}
{"PassengerId": 168, "Survived":  0}
{"PassengerId": 169, "Survived":  0}
{"PassengerId": 170, "Survived":  0}
{"PassengerId": 171, "Survived":  0}
{"PassengerId": 172, "Survived":  0}
{"PassengerId": 173, "Survived":  1}
{"PassengerId": 174, "Survived":  0}
{"PassengerId": 175, "Survived":  0}
{"PassengerId": 176, "Survived":  0}
{"PassengerId": 177, "Survived":  0}
{"PassengerId": 178, "Survived":  0}
{"PassengerId": 179, "Survived":  0}
{"PassengerId": 180, "Survived":  0}
{"PassengerId": 181, "Survived":  0}
{"PassengerId": 182, "Survived":  0}
{"PassengerId": 183, "Survived":  0}
{"PassengerId": 184, "Survived":  1}
{"PassengerId": 185, "Survived":  1}
{"PassengerId": 186, "Survived":  0}
{"PassengerId": 187, "Survived":  1}
{"PassengerId": 188, "Survived":  1}
{"PassengerId": 189, "Survived":  0}
{"PassengerId": 190, "Survived":  0}
{"PassengerId": 191, "Survived":  1}
{"PassengerId": 192, "Survived":  0}
{"PassengerId": 193, "Survived":  1}
{"PassengerId": 194, "Survived":  1}
{"PassengerId": 195, "Survived":  1}
{"PassengerId": 196, "Survived":  1}
{"PassengerId": 197, "Survived":  0}
{"PassengerId": 198, "Survived":  0}
{"PassengerId": 199, "Survived":  1}
{"PassengerId": 200, "Survived":  0}
{"PassengerId": 201, "Survived":  0}
{"PassengerId": 202, "Survived":  0}
{"PassengerId": 203, "Survived":  0}
{"PassengerId": 204, "Survived":  0}
{"PassengerId": 205, "Survived":  1}
{"PassengerId": 206, "Survived":  0}
{"PassengerId": 207, "Survived":  0}
{"PassengerId": 208, "Survived":  1}
{"PassengerId": 209, "Survived":  1}
{"PassengerId": 210, "Survived":  1}
{"PassengerId": 211, "Survived":  0}
{"PassengerId": 212, "Survived":  1}
{"PassengerId": 213, "Survived":  0}
{"PassengerId": 214, "Survived":  0}
{"PassengerId": 215, "Survived":  0}
{"PassengerId": 216, "Survived":  1}
{"PassengerId": 217, "Survived":  1}
{"PassengerId": 218, "Survived":  0}
{"PassengerId": 219, "Survived":  1}
{"PassengerId": 220, "Survived":  0}
{"PassengerId": 221, "Survived":  1}
{"PassengerId": 222, "Survived":  0}
{"PassengerId": 223, "Survived":  0}
{"PassengerId": 224, "Survived":  0}
{"PassengerId": 225, "Survived":  1}
{"PassengerId": 226, "Survived":  0}
{"PassengerId": 227, "Survived":  1}
{"PassengerId": 228, "Survived":  0}
{"PassengerId": 229, "Survived":  0}
{"PassengerId": 230, "Survived":  0}
{"PassengerId": 231, "Survived":  1}
{"PassengerId": 232, "Survived":  0}
{"PassengerId": 233, "Survived":  0}
{"PassengerId": 234, "Survived":  1}
{"PassengerId": 235, "Survived":  0}
{"PassengerId": 236, "Survived":  0}
{"PassengerId": 237, "Survived":  0}
{"PassengerId": 238, "Survived":  1}
{"PassengerId": 239, "Survived":  0}
{"PassengerId": 240, "Survived":  0}
{"PassengerId": 241, "Survived":  0}
{"PassengerId": 242, "Survived":  1}
{"PassengerId": 243, "Survived":  0}
{"PassengerId": 244, "Survived":  0}
{"PassengerId": 245, "Survived":  0}
{"PassengerId": 246, "Survived":  0}
{"PassengerId": 247, "Survived":  0}
{"PassengerId": 248, "Survived":  1}
{"PassengerId": 249, "Survived":  1}
{"PassengerId": 250, "Survived":  0}
{"PassengerId": 251, "Survived":  0}
{"PassengerId": 252, "Survived":  0}
{"PassengerId": 253, "Survived":  0}
{"PassengerId": 254, "Survived":  0}
{"PassengerId": 255, "Survived":  0}
{"PassengerId": 256, "Survived":  1}
{"PassengerId": 257, "Survived":  1}
{"PassengerId": 258, "Survived":  1}
{"PassengerId": 259, "Survived":  1}
{"PassengerId": 260, "Survived":  1}
{"PassengerId": 261, "Survived":  0}
{"PassengerId": 262, "Survived":  1}
{"PassengerId": 263, "Survived":  0}
{"PassengerId": 264, "Survived":  0}
{"PassengerId": 265, "Survived":  0}
{"PassengerId": 266, "Survived":  0}
{"PassengerId": 267, "Survived":  0}
{"PassengerId": 268, "Survived":  1}
{"PassengerId": 269, "Survived":  1}
{"PassengerId": 270, "Survived":  1}
{"PassengerId": 271, "Survived":  0}
{"PassengerId": 272, "Survived":  1}
{"PassengerId": 273, "Survived":  1}
{"PassengerId": 274, "Survived":  0}
{"PassengerId": 275, "Survived":  1}
{"PassengerId": 276, "Survived":  1}
{"PassengerId": 277, "Survived":  0}
{"PassengerId": 278, "Survived":  0}
{"PassengerId": 279, "Survived":  0}
{"PassengerId": 280, "Survived":  1}
{"PassengerId": 281, "Survived":  0}
{"PassengerId": 282, "Survived":  0}
{"PassengerId": 283, "Survived":  0}
{"PassengerId": 284, "Survived":  1}
{"PassengerId": 285, "Survived":  0}
{"PassengerId": 286, "Survived":  0}
{"PassengerId": 287, "Survived":  1}
{"PassengerId": 288, "Survived":  0}
{"PassengerId": 289, "Survived":  1}
{"PassengerId": 290, "Survived":  1}
{"PassengerId": 291, "Survived":  1}
{"PassengerId": 292, "Survived":  1}
{"PassengerId": 293, "Survived":  0}
{"PassengerId": 294, "Survived":  0}
{"PassengerId": 295, "Survived":  0}
{"PassengerId": 296, "Survived":  0}
{"PassengerId": 297, "Survived":  0}
{"PassengerId": 298, "Survived":  0}
{"PassengerId": 299, "Survived":  1}
{"PassengerId": 300, "Survived":  1}
{"PassengerId": 301, "Survived":  1}
{"PassengerId": 302, "Survived":  1}
{"PassengerId": 303, "Survived":  0}
{"PassengerId": 304, "Survived":  1}
{"PassengerId": 305, "Survived":  0}
{"PassengerId": 306, "Survived":  1}
{"PassengerId": 307, "Survived":  1}
{"PassengerId": 308, "Survived":  1}
{"PassengerId": 309, "Survived":  0}
{"PassengerId": 310, "Survived":  1}
{"PassengerId": 311, "Survived":  1}
{"PassengerId": 312, "Survived":  1}
{"PassengerId": 313, "Survived":  0}
{"PassengerId": 314, "Survived":  0}
{"PassengerId": 315, "Survived":  0}
{"PassengerId": 316, "Survived":  1}
{"PassengerId": 317, "Survived":  1}
{"PassengerId": 318, "Survived":  0}
{"PassengerId": 319, "Survived":  1}
{"PassengerId": 320, "Survived":  1}
{"PassengerId": 321, "Survived":  0}
{"PassengerId": 322, "Survived":  0}
{"PassengerId": 323, "Survived":  1}
{"PassengerId": 324, "Survived":  1}
{"PassengerId": 325, "Survived":  0}
{"PassengerId": 326, "Survived":  1}
{"PassengerId": 327, "Survived":  0}
{"PassengerId": 328, "Survived":  1}
{"PassengerId": 329, "Survived":  1}
{"PassengerId": 330, "Survived":  1}
{"PassengerId": 331, "Survived":  1}
{"PassengerId": 332, "Survived":  0}
{"PassengerId": 333, "Survived":  0}
{"PassengerId": 334, "Survived":  0}
{"PassengerId": 335, "Survived":  1}
{"PassengerId": 336, "Survived":  0}
{"PassengerId": 337, "Survived":  0}
{"PassengerId": 338, "Survived":  1}
{"PassengerId": 339, "Survived":  1}
{"PassengerId": 340, "Survived":  0}
{"PassengerId": 341, "Survived":  1}
{"PassengerId": 342, "Survived":  1}
{"PassengerId": 343, "Survived":  0}
{"PassengerId": 344, "Survived":  0}
{"PassengerId": 345, "Survived":  0}
{"PassengerId": 346, "Survived":  1}
{"PassengerId": 347, "Survived":  1}
{"PassengerId": 348, "Survived":  1}
{"PassengerId": 349, "Survived":  1}
{"PassengerId": 350, "Survived":  0}
{"PassengerId": 351, "Survived":  0}
{"PassengerId": 352, "Survived":  0}
{"PassengerId": 353, "Survived":  0}
{"PassengerId": 354, "Survived":  0}
{"PassengerId": 355, "Survived":  0}
{"PassengerId": 356, "Survived":  0}
{"PassengerId": 357, "Survived":  1}
{"PassengerId": 358, "Survived":  0}
{"PassengerId": 359, "Survived":  1}
{"PassengerId": 360, "Survived":  1}
{"PassengerId": 361, "Survived":  0}
{"PassengerId": 362, "Survived":  0}
{"PassengerId": 363, "Survived":  0}
{"PassengerId": 364, "Survived":  0}
{"PassengerId": 365, "Survived":  0}
{"PassengerId": 366, "Survived":  0}
{"PassengerId": 367, "Survived":  1}
{"PassengerId": 368, "Survived":  1}
{"PassengerId": 369, "Survived":  1}
{"PassengerId": 370, "Survived":  1}
{"PassengerId": 371, "Survived":  1}
{"PassengerId": 372, "Survived":  0}
{"PassengerId": 373, "Survived":  0}
{"PassengerId": 374, "Survived":  0}
{"PassengerId": 375, "Survived":  0}
{"PassengerId": 376, "Survived":  1}
{"PassengerId": 377, "Survived":  1}
{"PassengerId": 378, "Survived":  0}
{"PassengerId": 379, "Survived":  0}
{"PassengerId": 380, "Survived":  0}
{"PassengerId": 381, "Survived":  1}
{"PassengerId": 382, "Survived":  1}
{"PassengerId": 383, "Survived":  0}
{"PassengerId": 384, "Survived":  1}
{"PassengerId": 385, "Survived":  0}
{"PassengerId": 386, "Survived":  0}
{"PassengerId": 387, "Survived":  0}
{"PassengerId": 388, "Survived":  1}
{"PassengerId": 389, "Survived":  0}
{"PassengerId": 390, "Survived":  1}
{"PassengerId": 391, "Survived":  1}
{"PassengerId": 392, "Survived":  1}
{"PassengerId": 393, "Survived":  0}
{"PassengerId": 394, "Survived":  1}
{"PassengerId": 395, "Survived":  1}
{"PassengerId": 396, "Survived":  0}
{"PassengerId": 397, "Survived":  0}
{"PassengerId": 398, "Survived":  0}
{"PassengerId": 399, "Survived":  0}
{"PassengerId": 400, "Survived":  1}
{"PassengerId": 401, "Survived":  1}
{"PassengerId": 402, "Survived":  0}
{"PassengerId": 403, "Survived":  0}
{"PassengerId": 404, "Survived":  0}
{"PassengerId": 405, "Survived":  0}
{"PassengerId": 406, "Survived":  0}
{"PassengerId": 407, "Survived":  0}
{"PassengerId": 408, "Survived":  1}
{"PassengerId": 409, "Survived":  0}
{"PassengerId": 410, "Survived":  0}
{"PassengerId": 411, "Survived":  0}
{"PassengerId": 412, "Survived":  0}
{"PassengerId": 413, "Survived":  1}
{"PassengerId": 414, "Survived":  0}
{"PassengerId": 415, "Survived":  1}
{"PassengerId": 416, "Survived":  0}
{"PassengerId": 417, "Survived":  1}
{"PassengerId": 418, "Survived":  1}
{"PassengerId": 419, "Survived":  0}
{"PassengerId": 420, "Survived":  0}
{"PassengerId": 421, "Survived":  0}
{"PassengerId": 422, "Survived":  0}
{"PassengerId": 423, "Survived":  0}
{"PassengerId": 424, "Survived":  0}
{"PassengerId": 425, "Survived":  0}
{"PassengerId": 426, "Survived":  0}
{"PassengerId": 427, "Survived":  1}
{"PassengerId": 428, "Survived":  1}
{"PassengerId": 429, "Survived":  0}
{"PassengerId": 430, "Survived":  1}
{"PassengerId": 431, "Survived":  1}
{"PassengerId": 432, "Survived":  1}
{"PassengerId": 433, "Survived":  1}
{"PassengerId": 434, "Survived":  0}
{"PassengerId": 435, "Survived":  0}
{"PassengerId": 436, "Survived":  1}
{"PassengerId": 437, "Survived":  0}
{"PassengerId": 438, "Survived":  1}
{"PassengerId": 439, "Survived":  0}
{"PassengerId": 440, "Survived":  0}
{"PassengerId": 441, "Survived":  1}
{"PassengerId": 442, "Survived":  0}
{"PassengerId": 443, "Survived":  0}
{"PassengerId": 444, "Survived":  1}
{"PassengerId": 445, "Survived":  1}
{"PassengerId": 446, "Survived":  1}
{"PassengerId": 447, "Survived":  1}
{"PassengerId": 448, "Survived":  1}
{"PassengerId": 449, "Survived":  1}
{"PassengerId": 450, "Survived":  1}
{"PassengerId": 451, "Survived":  0}
{"PassengerId": 452, "Survived":  0}
{"PassengerId": 453, "Survived":  0}
{"PassengerId": 454, "Survived":  1}
{"PassengerId": 455, "Survived":  0}
{"PassengerId": 456, "Survived":  1}
{"PassengerId": 457, "Survived":  0}
{"PassengerId": 458, "Survived":  1}
{"PassengerId": 459, "Survived":  1}
{"PassengerId": 460, "Survived":  0}
{"PassengerId": 461, "Survived":  1}
{"PassengerId": 462, "Survived":  0}
{"PassengerId": 463, "Survived":  0}
{"PassengerId": 464, "Survived":  0}
{"PassengerId": 465, "Survived":  0}
{"PassengerId": 466, "Survived":  0}
{"PassengerId": 467, "Survived":  0}
{"PassengerId": 468, "Survived":  0}
{"PassengerId": 469, "Survived":  0}
{"PassengerId": 470, "Survived":  1}
{"PassengerId": 471, "Survived":  0}
{"PassengerId": 472, "Survived":  0}
{"PassengerId": 473, "Survived":  1}
{"PassengerId": 474, "Survived":  1}
{"PassengerId": 475, "Survived":  0}
{"PassengerId": 476, "Survived":  0}
{"PassengerId": 477, "Survived":  0}
{"PassengerId": 478, "Survived":  0}
{"PassengerId": 479, "Survived":  0}
{"PassengerId": 480, "Survived":  1}
{"PassengerId": 481, "Survived":  0}
{"PassengerId": 482, "Survived":  0}
{"PassengerId": 483, "Survived":  0}
{"PassengerId": 484, "Survived":  1}
{"PassengerId": 485, "Survived":  1}
{"PassengerId": 486, "Survived":  0}
{"PassengerId": 487, "Survived":  1}
{"PassengerId": 488, "Survived":  0}
{"PassengerId": 489, "Survived":  0}
{"PassengerId": 490, "Survived":  1}
{"PassengerId": 491, "Survived":  0}
{"PassengerId": 492, "Survived":  0}
{"PassengerId": 493, "Survived":  0}
{"PassengerId": 494, "Survived":  0}
{"PassengerId": 495, "Survived":  0}
{"PassengerId": 496, "Survived":  0}
{"PassengerId": 497, "Survived":  1}
{"PassengerId": 498, "Survived":  0}
{"PassengerId": 499, "Survived":  0}
{"PassengerId": 500, "Survived":  0}
{"PassengerId": 501, "Survived":  0}
{"PassengerId": 502, "Survived":  0}
{"PassengerId": 503, "Survived":  0}
{"PassengerId": 504, "Survived":  0}
{"PassengerId": 505, "Survived":  1}
{"PassengerId": 506, "Survived":  0}
{"PassengerId": 507, "Survived":  1}
{"PassengerId": 508, "Survived":  1}
{"PassengerId": 509, "Survived":  0}
{"PassengerId": 510, "Survived":  1}
{"PassengerId": 511, "Survived":  1}
{"PassengerId": 512, "Survived":  0}
{"PassengerId": 513, "Survived":  1}
{"PassengerId": 514, "Survived":  1}
{"PassengerId": 515, "Survived":  0}
{"PassengerId": 516, "Survived":  0}
{"PassengerId": 517, "Survived":  1}
{"PassengerId": 518, "Survived":  0}
{"PassengerId": 519, "Survived":  1}
{"PassengerId": 520, "Survived":  0}
{"PassengerId": 521, "Survived":  1}
{"PassengerId": 522, "Survived":  0}
{"PassengerId": 523, "Survived":  0}
{"PassengerId": 524, "Survived":  1}
{"PassengerId": 525, "Survived":  0}
{"PassengerId": 526, "Survived":  0}
{"PassengerId": 527, "Survived":  1}
{"PassengerId": 528, "Survived":  0}
{"PassengerId": 529, "Survived":  0}
{"PassengerId": 530, "Survived":  0}
{"PassengerId": 531, "Survived":  1}
{"PassengerId": 532, "Survived":  0}
{"PassengerId": 533, "Survived":  0}
{"PassengerId": 534, "Survived":  1}
{"PassengerId": 535, "Survived":  0}
{"PassengerId": 536, "Survived":  1}
{"PassengerId": 537, "Survived":  0}
{"PassengerId": 538, "Survived":  1}
{"PassengerId": 539, "Survived":  0}
{"PassengerId": 540, "Survived":  1}
{"PassengerId": 541, "Survived":  1}
{"PassengerId": 542, "Survived":  0}
{"PassengerId": 543, "Survived":  0}
{"PassengerId": 544, "Survived":  1}
{"PassengerId": 545, "Survived":  0}
{"PassengerId": 546, "Survived":  0}
{"PassengerId": 547, "Survived":  1}
{"PassengerId": 548, "Survived":  1}
{"PassengerId": 549, "Survived":  0}
{"PassengerId": 550, "Survived":  1}
{"PassengerId": 551, "Survived":  1}
{"PassengerId": 552, "Survived":  0}
{"PassengerId": 553, "Survived":  0}
{"PassengerId": 554, "Survived":  1}
{"PassengerId": 555, "Survived":  1}
{"PassengerId": 556, "Survived":  0}
{"PassengerId": 557, "Survived":  1}
{"PassengerId": 558, "Survived":  0}
{"PassengerId": 559, "Survived":  1}
{"PassengerId": 560, "Survived":  1}
{"PassengerId": 561, "Survived":  0}
{"PassengerId": 562, "Survived":  0}
{"PassengerId": 563, "Survived":  0}
{"PassengerId": 564, "Survived":  0}
{"PassengerId": 565, "Survived":  0}
{"PassengerId": 566, "Survived":  0}
{"PassengerId": 567, "Survived":  0}
{"PassengerId": 568, "Survived":  0}
{"PassengerId": 569, "Survived":  0}
{"PassengerId": 570, "Survived":  1}
{"PassengerId": 571, "Survived":  1}
{"PassengerId": 572, "Survived":  1}
{"PassengerId": 573, "Survived":  1}
{"PassengerId": 574, "Survived":  1}
{"PassengerId": 575, "Survived":  0}
{"PassengerId": 576, "Survived":  0}
{"PassengerId": 577, "Survived":  1}
{"PassengerId": 578, "Survived":  1}
{"PassengerId": 579, "Survived":  0}
{"PassengerId": 580, "Survived":  1}
{"PassengerId": 581, "Survived":  1}
{"PassengerId": 582, "Survived":  1}
{"PassengerId": 583, "Survived":  0}
{"PassengerId": 584, "Survived":  0}
{"PassengerId": 585, "Survived":  0}
{"PassengerId": 586, "Survived":  1}
{"PassengerId": 587, "Survived":  0}
{"PassengerId": 588, "Survived":  1}
{"PassengerId": 589, "Survived":  0}
{"PassengerId": 590, "Survived":  0}
{"PassengerId": 591, "Survived":  0}
{"PassengerId": 592, "Survived":  1}
{"PassengerId": 593, "Survived":  0}
{"PassengerId": 594, "Survived":  0}
{"PassengerId": 595, "Survived":  0}
{"PassengerId": 596, "Survived":  0}
{"PassengerId": 597, "Survived":  1}
{"PassengerId": 598, "Survived":  0}
{"PassengerId": 599, "Survived":  0}
{"PassengerId": 600, "Survived":  1}
{"PassengerId": 601, "Survived":  1}
{"PassengerId": 602, "Survived":  0}
{"PassengerId": 603, "Survived":  0}
{"PassengerId": 604, "Survived":  0}
{"PassengerId": 605, "Survived":  1}
{"PassengerId": 606, "Survived":  0}
{"PassengerId": 607, "Survived":  0}
{"PassengerId": 608, "Survived":  1}
{"PassengerId": 609, "Survived":  1}
{"PassengerId": 610, "Survived":  1}
{"PassengerId": 611, "Survived":  0}
{"PassengerId": 612, "Survived":  0}
{"PassengerId": 613, "Survived":  1}
{"PassengerId": 614, "Survived":  0}
{"PassengerId": 615, "Survived":  0}
{"PassengerId": 616, "Survived":  1}
{"PassengerId": 617, "Survived":  0}
{"PassengerId": 618, "Survived":  0}
{"PassengerId": 619, "Survived":  1}
{"PassengerId": 620, "Survived":  0}
{"PassengerId": 621, "Survived":  0}
{"PassengerId": 622, "Survived":  1}
{"PassengerId": 623, "Survived":  1}
{"PassengerId": 624, "Survived":  0}
{"PassengerId": 625, "Survived":  0}
{"PassengerId": 626, "Survived":  0}
{"PassengerId": 627, "Survived":  0}
{"PassengerId": 628, "Survived":  1}
{"PassengerId": 629, "Survived":  0}
{"PassengerId": 630, "Survived":  0}
{"PassengerId": 631, "Survived":  1}
{"PassengerId": 632, "Survived":  0}
{"PassengerId": 633, "Survived":  1}
{"PassengerId": 634, "Survived":  0}
{"PassengerId": 635, "Survived":  0}
{"PassengerId": 636, "Survived":  1}
{"PassengerId": 637, "Survived":  0}
{"PassengerId": 638, "Survived":  0}
{"PassengerId": 639, "Survived":  0}
{"PassengerId": 640, "Survived":  0}
{"PassengerId": 641, "Survived":  0}
{"PassengerId": 642, "Survived":  1}
{"PassengerId": 643, "Survived":  0}
{"PassengerId": 644, "Survived":  1}
{"PassengerId": 645, "Survived":  1}
{"PassengerId": 646, "Survived":  1}
{"PassengerId": 647, "Survived":  0}
{"PassengerId": 648, "Survived":  1}
{"PassengerId": 649, "Survived":  0}
{"PassengerId": 650, "Survived":  1}
{"PassengerId": 651, "Survived":  0}
{"PassengerId": 652, "Survived":  1}
{"PassengerId": 653, "Survived":  0}
{"PassengerId": 654, "Survived":  1}
{"PassengerId": 655, "Survived":  0}
{"PassengerId": 656, "Survived":  0}
{"PassengerId": 657, "Survived":  0}
{"PassengerId": 658, "Survived":  0}
{"PassengerId": 659, "Survived":  0}
{"PassengerId": 660, "Survived":  0}
{"PassengerId": 661, "Survived":  1}
{"PassengerId": 662, "Survived":  0}
{"PassengerId": 663, "Survived":  0}
{"PassengerId": 664, "Survived":  0}
{"PassengerId": 665, "Survived":  1}
{"PassengerId": 666, "Survived":  0}
{"PassengerId": 667, "Survived":  0}
{"PassengerId": 668, "Survived":  0}
{"PassengerId": 669, "Survived":  0}
{"PassengerId": 670, "Survived":  1}
{"PassengerId": 671, "Survived":  1}
{"PassengerId": 672, "Survived":  0}
{"PassengerId": 673, "Survived":  0}
{"PassengerId": 674, "Survived":  1}
{"PassengerId": 675, "Survived":  0}
{"PassengerId": 676, "Survived":  0}
{"PassengerId": 677, "Survived":  0}
{"PassengerId": 678, "Survived":  1}
{"PassengerId": 679, "Survived":  0}
{"PassengerId": 680, "Survived":  1}
{"PassengerId": 681, "Survived":  0}
{"PassengerId": 682, "Survived":  1}
{"PassengerId": 683, "Survived":  0}
{"PassengerId": 684, "Survived":  0}
{"PassengerId": 685, "Survived":  0}
{"PassengerId": 686, "Survived":  0}
{"PassengerId": 687, "Survived":  0}
{"PassengerId": 688, "Survived":  0}
{"PassengerId": 689, "Survived":  0}
{"PassengerId": 690, "Survived":  1}
{"PassengerId": 691, "Survived":  1}
{"PassengerId": 692, "Survived":  1}
{"PassengerId": 693, "Survived":  1}
{"PassengerId": 694, "Survived":  0}
{"PassengerId": 695, "Survived":  0}
{"PassengerId": 696, "Survived":  0}
{"PassengerId": 697, "Survived":  0}
{"PassengerId": 698, "Survived":  1}
{"PassengerId": 699, "Survived":  0}
{"PassengerId": 700, "Survived":  0}
{"PassengerId": 701, "Survived":  1}
{"PassengerId": 702, "Survived":  1}
{"PassengerId": 703, "Survived":  0}
{"PassengerId": 704, "Survived":  0}
{"PassengerId": 705, "Survived":  0}
{"PassengerId": 706, "Survived":  0}
{"PassengerId": 707, "Survived":  1}
{"PassengerId": 708, "Survived":  1}
{"PassengerId": 709, "Survived":  1}
{"PassengerId": 710, "Survived":  1}
{"PassengerId": 711, "Survived":  1}
{"PassengerId": 712, "Survived":  0}
{"PassengerId": 713, "Survived":  1}
{"PassengerId": 714, "Survived":  0}
{"PassengerId": 715, "Survived":  0}
{"PassengerId": 716, "Survived":  0}
{"PassengerId": 717, "Survived":  1}
{"PassengerId": 718, "Survived":  1}
{"PassengerId": 719, "Survived":  0}
{"PassengerId": 720, "Survived":  0}
{"PassengerId": 721, "Survived":  1}
{"PassengerId": 722, "Survived":  0}
{"PassengerId": 723, "Survived":  0}
{"PassengerId": 724, "Survived":  0}
{"PassengerId": 725, "Survived":  1}
{"PassengerId": 726, "Survived":  0}
{"PassengerId": 727, "Survived":  1}
{"PassengerId": 728, "Survived":  1}
{"PassengerId": 729, "Survived":  0}
{"PassengerId": 730, "Survived":  0}
{"PassengerId": 731, "Survived":  1}
{"PassengerId": 732, "Survived":  0}
{"PassengerId": 733, "Survived":  0}
{"PassengerId": 734, "Survived":  0}
{"PassengerId": 735, "Survived":  0}
{"PassengerId": 736, "Survived":  0}
{"PassengerId": 737, "Survived":  0}
{"PassengerId": 738, "Survived":  1}
{"PassengerId": 739, "Survived":  0}
{"PassengerId": 740, "Survived":  0}
{"PassengerId": 741, "Survived":  1}
{"PassengerId": 742, "Survived":  0}
{"PassengerId": 743, "Survived":  1}
{"PassengerId": 744, "Survived":  0}
{"PassengerId": 745, "Survived":  1}
{"PassengerId": 746, "Survived":  0}
{"PassengerId": 747, "Survived":  0}
{"PassengerId": 748, "Survived":  1}
{"PassengerId": 749, "Survived":  0}
{"PassengerId": 750, "Survived":  0}
{"PassengerId": 751, "Survived":  1}
{"PassengerId": 752, "Survived":  1}
{"PassengerId": 753, "Survived":  0}
{"PassengerId": 754, "Survived":  0}
{"PassengerId": 755, "Survived":  1}
{"PassengerId": 756, "Survived":  1}
{"PassengerId": 757, "Survived":  0}
{"PassengerId": 758, "Survived":  0}
{"PassengerId": 759, "Survived":  0}
{"PassengerId": 760, "Survived":  1}
{"PassengerId": 761, "Survived":  0}
{"PassengerId": 762, "Survived":  0}
{"PassengerId": 763, "Survived":  1}
{"PassengerId": 764, "Survived":  1}
{"PassengerId": 765, "Survived":  0}
{"PassengerId": 766, "Survived":  1}
{"PassengerId": 767, "Survived":  0}
{"PassengerId": 768, "Survived":  0}
{"PassengerId": 769, "Survived":  0}
{"PassengerId": 770, "Survived":  0}
{"PassengerId": 771, "Survived":  0}
{"PassengerId": 772, "Survived":  0}
{"PassengerId": 773, "Survived":  0}
{"PassengerId": 774, "Survived":  0}
{"PassengerId": 775, "Survived":  1}
{"PassengerId": 776, "Survived":  0}
{"PassengerId": 777, "Survived":  0}
{"PassengerId": 778, "Survived":  1}
{"PassengerId": 779, "Survived":  0}
{"PassengerId": 780, "Survived":  1}
{"PassengerId": 781, "Survived":  1}
{"PassengerId": 782, "Survived":  1}
{"PassengerId": 783, "Survived":  0}
{"PassengerId": 784, "Survived":  0}
{"PassengerId": 785, "Survived":  0}
{"PassengerId": 786, "Survived":  0}
{"PassengerId": 787, "Survived":  1}
{"PassengerId": 788, "Survived":  0}
{"PassengerId": 789, "Survived":  1}
{"PassengerId": 790, "Survived":  0}
{"PassengerId": 791, "Survived":  0}
{"PassengerId": 792, "Survived":  0}
{"PassengerId": 793, "Survived":  0}
{"PassengerId": 794, "Survived":  0}
{"PassengerId": 795, "Survived":  0}
{"PassengerId": 796, "Survived":  0}
{"PassengerId": 797, "Survived":  1}
{"PassengerId": 798, "Survived":  1}
{"PassengerId": 799, "Survived":  0}
{"PassengerId": 800, "Survived":  0}
{"PassengerId": 801, "Survived":  0}
{"PassengerId": 802, "Survived":  1}
{"PassengerId": 803, "Survived":  1}
{"PassengerId": 804, "Survived":  1}
{"PassengerId": 805, "Survived":  1}
{"PassengerId": 806, "Survived":  0}
{"PassengerId": 807, "Survived":  0}
{"PassengerId": 808, "Survived":  0}
{"PassengerId": 809, "Survived":  0}
{"PassengerId": 810, "Survived":  1}
{"PassengerId": 811, "Survived":  0}
{"PassengerId": 812, "Survived":  0}
{"PassengerId": 813, "Survived":  0}
{"PassengerId": 814, "Survived":  0}
{"PassengerId": 815, "Survived":  0}
{"PassengerId": 816, "Survived":  0}
{"PassengerId": 817, "Survived":  0}
{"PassengerId": 818, "Survived":  0}
{"PassengerId": 819, "Survived":  0}
{"PassengerId": 820, "Survived":  0}
{"PassengerId": 821, "Survived":  1}
{"PassengerId": 822, "Survived":  1}
{"PassengerId": 823, "Survived":  0}
{"PassengerId": 824, "Survived":  1}
{"PassengerId": 825, "Survived":  0}
{"PassengerId": 826, "Survived":  0}
{"PassengerId": 827, "Survived":  0}
{"PassengerId": 828, "Survived":  1}
{"PassengerId": 829, "Survived":  1}
{"PassengerId": 830, "Survived":  1}
{"PassengerId": 831, "Survived":  1}
{"PassengerId": 832, "Survived":  1}
{"PassengerId": 833, "Survived":  0}
{"PassengerId": 834, "Survived":  0}
{"PassengerId": 835, "Survived":  0}
{"PassengerId": 836, "Survived":  1}
{"PassengerId": 837, "Survived":  0}
{"PassengerId": 838, "Survived":  0}
{"PassengerId": 839, "Survived":  1}
{"PassengerId": 840, "Survived":  1}
{"PassengerId": 841, "Survived":  0}
{"PassengerId": 842, "Survived":  0}
{"PassengerId": 843, "Survived":  1}
{"PassengerId": 844, "Survived":  0}
{"PassengerId": 845, "Survived":  0}
{"PassengerId": 846, "Survived":  0}
{"PassengerId": 847, "Survived":  0}
{"PassengerId": 848, "Survived":  0}
{"PassengerId": 849, "Survived":  0}
{"PassengerId": 850, "Survived":  1}
{"PassengerId": 851, "Survived":  0}
{"PassengerId": 852, "Survived":  0}
{"PassengerId": 853, "Survived":  0}
{"PassengerId": 854, "Survived":  1}
{"PassengerId": 855, "Survived":  0}
{"PassengerId": 856, "Survived":  1}
{"PassengerId": 857, "Survived":  1}
{"PassengerId": 858, "Survived":  1}
{"PassengerId": 859, "Survived":  1}
{"PassengerId": 860, "Survived":  0}
{"PassengerId": 861, "Survived":  0}
{"PassengerId": 862, "Survived":  0}
{"PassengerId": 863, "Survived":  1}
{"PassengerId": 864, "Survived":  0}
{"PassengerId": 865, "Survived":  0}
{"PassengerId": 866, "Survived":  1}
{"PassengerId": 867, "Survived":  1}
{"PassengerId": 868, "Survived":  0}
{"PassengerId": 869, "Survived":  0}
{"PassengerId": 870, "Survived":  1}
{"PassengerId": 871, "Survived":  0}
{"PassengerId": 872, "Survived":  1}
{"PassengerId": 873, "Survived":  0}
{"PassengerId": 874, "Survived":  0}
{"PassengerId": 875, "Survived":  1}
{"PassengerId": 876, "Survived":  1}
{"PassengerId": 877, "Survived":  0}
{"PassengerId": 878, "Survived":  0}
{"PassengerId": 879, "Survived":  0}
{"PassengerId": 880, "Survived":  1}
{"PassengerId": 881, "Survived":  1}
{"PassengerId": 882, "Survived":  0}
{"PassengerId": 883, "Survived":  0}
{"PassengerId": 884, "Survived":  0}
{"PassengerId": 885, "Survived":  0}
{"PassengerId": 886, "Survived":  0}
{"PassengerId": 887, "Survived":  0}
{"PassengerId": 888, "Survived":  1}
{"PassengerId": 889, "Survived":  0}
{"PassengerId": 890, "Survived":  1}
{"PassengerId": 891, "Survived":  0}
